1.8701,1,0.73014,1,1,0,1
0.9577,1,0.17946,1,1,0,1
1.8997,0,0.52083,0,1,1,0
2,0,0.64245,0,1,0,0
0.97177,1,0.69185,1,1,0,1
2,0,0.21551,1,1,0,0
2,0,0.5963,1,1,0,0
0.50021,1,0.91384,1,1,0,1
0.70583,0,0.11565,1,1,1,0
0.0044679,1,0.93514,0,1,1,2
1.1329,1,0.74218,1,0,0,NaN
0.075974,1,0.33477,0,0,0,NaN
1.2161,1,0.98843,0,1,0,1
0.93359,1,0.4993,1,1,0,1
0.58781,1,0.67379,1,1,1,2
1.5506,1,0.60463,1,1,0,1
2,0,0.29639,0,1,1,0
0.0088828,0,0.2233,1,1,0,0
0.73564,0,0.38474,1,1,1,0
2,0,0.034114,1,1,0,0
1.7056,1,0.89816,0,0,0,NaN
1.1557,1,0.54006,1,1,0,1
1.8443,1,0.96883,1,0,0,NaN
0.19912,1,0.49351,1,1,0,1
1.0552,1,0.051378,1,0,1,NaN
0.33944,1,0.82759,1,0,1,NaN
2,0,0.253,0,1,1,0
2,0,0.22674,0,1,1,0
0.8806,1,0.90114,1,1,0,1
1.377,1,0.7729,1,1,1,2
0.011087,1,0.91218,0,0,1,NaN
2,0,0.19834,0,1,1,0
1.6034,1,0.51707,1,0,0,NaN
0.39864,0,0.41761,1,1,0,0
0.95645,1,0.18652,0,1,0,1
2,0,0.30165,1,1,0,0
1.0667,1,0.93397,1,1,0,1
1.8608,0,0.32745,1,1,1,0
2,0,0.082918,1,1,0,0
0.65278,1,0.9299,1,0,0,NaN
0.46592,1,0.96164,0,1,1,2
0.99337,1,0.51906,0,1,1,2
0.76609,1,0.83026,1,0,1,NaN
0.81164,0,0.17538,0,1,0,0
0.33027,0,0.81375,0,1,0,0
1.1255,1,0.92379,0,1,1,1
0.25936,1,0.14084,0,1,0,1
2,0,0.10318,1,1,1,0
2,0,0.32006,1,1,1,0
1.2236,0,0.85235,1,1,0,0
1.0358,1,0.097966,1,0,0,NaN
0.90804,1,0.66406,1,1,1,2
1.7467,1,0.63062,1,1,0,1
0.40005,1,0.80694,1,0,0,NaN
2,0,0.91728,1,1,0,0
0.80451,1,0.063729,1,0,0,NaN
0.26529,1,0.84185,1,1,0,1
1.1709,1,0.68144,0,1,0,1
1.7958,1,0.1749,1,0,0,NaN
0.06257,1,0.1111,1,1,1,2
0.047195,1,0.046009,0,1,0,1
2,0,0.48992,1,1,0,0
1.7725,1,0.78972,1,1,0,1
0.026579,0,0.13455,0,1,0,0
1.6707,1,0.4198,1,1,1,2
0.064324,0,0.94937,1,1,0,0
2,0,0.023009,1,1,0,0
0.023411,1,0.68711,0,1,1,2
0.048871,0,0.061158,0,1,1,0
0.099826,1,0.1455,1,1,1,2
0.61669,0,0.16591,1,1,0,0
0.40864,1,0.85637,0,1,0,1
1.3628,0,0.4163,1,1,0,0
0.31936,1,0.92843,1,0,1,NaN
0.77307,1,0.12593,1,1,1,2
2,0,0.25489,1,1,0,0
1.3697,1,0.8254,0,0,0,NaN
0.83938,1,0.72432,0,1,0,1
2,0,0.4048,1,1,0,0
0.84721,1,0.80035,1,1,1,1
1.2472,1,0.30552,1,1,0,1
2,0,0.8922,1,1,0,0
1.1348,1,0.77955,0,0,1,NaN
1.1029,1,0.83725,0,1,0,1
1.5173,1,0.41291,1,1,0,1
1.3798,1,0.33416,1,0,0,NaN
0.98494,1,0.060096,1,1,0,1
1.0548,1,0.4665,1,1,0,1
0.8353,1,0.062142,1,1,0,1
1.8438,1,0.39137,1,1,0,1
2,0,0.24576,1,1,0,0
0.84895,1,0.88742,0,0,0,NaN
2,0,0.2619,1,1,0,0
1.9042,1,0.21438,1,0,1,NaN
1.8146,0,0.58739,0,1,1,0
0.10519,0,0.94001,1,1,0,0
2,0,0.61808,0,1,0,0
0.01014,1,0.27873,1,0,1,NaN
2,0,0.099428,1,1,0,0
1.4864,1,0.14151,1,1,1,2
0.85573,1,0.046254,1,1,0,2
0.90133,1,0.19332,1,1,0,1
0.054035,1,0.023159,1,0,0,NaN
2,0,0.6638,1,1,1,0
0.72837,1,0.17153,1,1,0,1
2,0,0.53633,0,1,0,0
1.2234,1,0.87205,1,1,0,1
0.09874,1,0.28355,0,1,1,2
2,0,0.68086,1,1,0,0
0.99312,1,0.46389,1,0,0,NaN
2,0,0.069403,1,1,0,0
0.68339,1,0.38494,1,1,0,1
0.8713,1,0.56301,1,1,0,1
2,0,0.56,1,1,0,0
2,0,0.057449,1,1,1,0
1.1215,1,0.88003,0,0,1,NaN
0.19908,1,0.36424,1,1,1,2
1.9352,1,0.95517,1,0,0,NaN
2,0,0.71395,1,1,0,0
0.81879,1,0.91352,0,1,1,2
0.45777,0,0.76764,0,1,0,0
1.4372,1,0.25447,0,1,1,1
1.1985,0,0.94103,1,1,0,0
2,0,0.80675,0,1,0,0
0.015032,0,0.49527,1,1,0,0
0.34929,1,0.14533,1,1,0,1
0.10074,1,0.27402,1,1,1,2
2,0,0.32508,1,1,1,0
2,0,0.44068,1,1,0,0
1.3926,0,0.70325,0,1,0,0
0.026273,1,0.35388,1,0,0,NaN
0.43216,0,0.28117,0,1,0,0
1.2765,1,0.95875,1,0,0,NaN
0.13813,0,0.60814,1,1,0,0
2,0,0.23583,0,1,1,0
1.7761,1,0.82918,0,1,0,1
1.9444,0,0.67579,1,1,0,0
1.3721,1,0.85666,0,1,1,1
1.2236,1,0.81096,0,0,0,NaN
0.93418,1,0.76071,1,1,1,1
1.6797,0,0.2871,1,1,0,0
2,0,0.65402,0,1,0,0
2,0,0.0020525,0,1,1,0
1.4925,1,0.93342,1,1,1,1
0.36722,0,0.042395,1,1,0,0
2,0,0.018841,1,1,1,0
0.39749,1,0.92132,1,1,0,1
2,0,0.34998,1,1,0,0
1.8116,0,0.47529,1,1,1,0
0.084532,1,0.40809,1,1,0,1
2,0,0.3637,1,1,0,0
0.89393,1,0.66174,1,1,0,1
0.10276,1,0.29789,1,1,1,2
0.6274,1,0.26289,1,1,0,1
2,0,0.084847,1,1,1,0
1.6559,1,0.83372,1,0,0,NaN
1.8275,1,0.64372,1,0,0,NaN
1.7951,1,0.99144,1,0,0,NaN
0.82731,1,0.8829,0,0,0,NaN
0.23289,0,0.63602,1,1,0,0
0.28988,1,0.071971,1,1,0,1
0.12172,0,0.60888,1,1,1,0
1.6417,1,0.97402,1,1,1,2
0.65085,0,0.79684,1,1,0,0
1.0552,1,0.53415,0,0,1,NaN
0.40855,1,0.95456,1,1,0,1
0.096485,0,0.50821,1,1,0,0
1.3413,1,0.10109,1,1,1,1
0.7467,1,0.601,0,0,1,NaN
0.0080942,1,0.37961,1,1,0,2
0.30678,1,0.49055,1,1,1,1
0.25761,1,0.42904,1,1,0,1
0.11564,1,0.46512,0,1,0,1
1.3841,0,0.25205,1,1,0,0
0.87529,1,0.67014,0,1,0,1
1.671,1,0.10341,1,1,0,1
1.0612,1,0.19041,1,0,0,NaN
1.5422,1,0.52698,1,1,1,2
0.99508,1,0.94774,0,1,0,1
1.027,1,0.8593,1,1,0,1
1.0196,1,0.87279,1,1,0,1
2,0,0.025829,0,1,1,0
0.38709,0,0.179,1,1,0,0
2,0,0.39987,0,1,0,0
1.1992,1,0.22889,1,0,0,NaN
0.20663,1,0.36196,0,1,1,2
0.84031,1,0.67142,1,0,0,NaN
2,0,0.30599,0,1,0,0
0.023696,1,0.52141,1,1,1,2
0.072043,1,0.32492,0,1,0,1
0.68213,1,0.016321,1,1,0,2
0.0058178,0,0.11715,1,1,0,0
1.1439,0,0.78409,0,1,0,0
0.14031,0,0.92699,1,1,1,0
1.2436,1,0.71285,1,0,0,NaN
1.0549,1,0.52731,1,1,0,1
0.98765,1,0.61168,0,1,0,1
0.44604,1,0.24489,0,1,0,1
1.1748,1,0.25185,1,1,1,2
2,0,0.3255,1,1,1,0
1.5473,1,0.11118,1,1,0,1
1.5854,1,0.74984,1,0,0,NaN
2,0,0.15556,0,1,0,0
0.066643,1,0.63396,1,1,0,1
1.4223,1,0.82012,0,0,1,NaN
0.29474,1,0.34712,0,1,0,1
0.4555,1,0.29466,1,1,0,1
2,0,0.58084,0,1,0,0
2,0,0.34805,0,1,0,0
1.1422,1,0.043571,0,1,0,1
1.6181,1,0.7033,0,0,0,NaN
1.2944,1,0.75484,1,1,0,1
0.63166,1,0.40073,1,0,0,NaN
1.1008,1,0.62323,1,0,1,NaN
0.6355,1,0.86551,1,0,0,NaN
2,0,0.11338,1,1,0,0
1.0013,1,0.11055,1,1,0,1
1.2797,1,0.13766,0,1,0,1
0.84961,1,0.41089,1,1,1,1
0.35491,0,0.50699,1,1,0,0
0.55912,1,0.46921,1,1,0,1
1.0539,1,0.65897,1,1,0,1
1.247,1,0.44887,1,1,1,2
0.37687,1,0.90704,0,1,1,2
0.94554,1,0.81251,0,1,0,1
1.7335,1,0.55503,1,0,0,NaN
0.89232,0,0.96414,1,1,0,0
1.6252,1,0.9497,1,0,0,NaN
2,0,0.31592,1,1,0,0
1.0505,1,0.67048,0,1,0,1
2,0,0.38473,1,1,0,0
1.182,0,0.82015,1,1,0,0
1.0164,1,0.33106,1,1,0,1
1.9008,0,0.13365,0,1,0,0
2,0,0.12754,1,1,0,0
0.74092,1,0.34179,1,1,1,1
2,0,0.53617,1,1,1,0
0.11308,1,0.39287,0,1,0,1
1.2526,1,0.69585,1,1,0,1
0.15308,1,0.95058,1,1,0,1
0.51887,1,0.48486,1,0,0,NaN
0.23875,1,0.36746,1,1,0,1
0.60353,1,0.74986,1,1,1,1
2,0,0.14381,0,1,0,0
2,0,0.23844,1,1,0,0
1.4891,1,0.98948,1,1,0,1
0.78276,1,0.84863,1,0,0,NaN
2,0,0.94322,1,1,0,0
2,0,0.21252,0,1,0,0
1.0414,1,0.54839,1,0,0,NaN
1.3861,0,0.4286,0,1,0,0
2,0,0.15708,0,1,0,0
2,0,0.50844,1,1,0,0
1.0978,1,0.35663,1,0,0,NaN
2,0,0.1851,1,1,0,0
0.49192,1,0.90643,1,0,0,NaN
2,0,0.78706,0,1,0,0
1.9584,1,0.83277,1,0,0,NaN
2,0,0.31076,0,1,0,0
0.48018,1,0.8292,1,0,1,NaN
2,0,0.50868,1,1,1,0
0.78843,1,0.61186,1,0,0,NaN
2,0,0.52021,1,1,0,0
0.86333,1,0.81581,1,1,0,1
2,0,0.085762,1,1,1,0
0.52114,1,0.39765,0,0,1,NaN
0.12264,0,0.77833,0,1,0,0
2,0,0.0702,0,1,0,0
1.2973,1,0.23503,1,1,1,1
0.87541,1,0.39088,1,1,0,1
0.74034,1,0.69077,0,1,0,1
0.054236,1,0.8719,1,1,1,2
2,0,0.38443,1,1,0,0
2,0,0.47098,1,1,0,0
1.6506,1,0.99776,1,1,0,1
0.58394,1,0.9001,1,1,0,1
0.083736,1,0.76893,1,0,1,NaN
1.5205,1,0.76722,0,0,1,NaN
2,0,0.50742,1,1,0,0
1.7377,1,0.69728,1,1,0,1
1.632,1,0.015863,0,1,0,2
0.73715,1,0.39649,1,1,0,1
0.49908,1,0.17976,1,0,0,NaN
1.2916,0,0.81655,1,1,0,0
0.75715,1,0.76902,1,1,0,1
0.012956,1,0.69716,0,1,1,2
0.10918,1,0.52034,1,1,1,2
1.6196,1,0.92028,1,1,0,1
1.1552,0,0.5059,1,1,0,0
1.1872,1,0.92393,1,0,0,NaN
2,0,0.90663,1,1,0,0
2,0,0.46999,0,1,0,0
0.90811,1,0.41102,1,1,1,2
0.032398,1,0.027952,1,1,1,2
0.49947,1,0.19531,1,1,1,2
0.69397,1,0.72448,0,1,0,1
0.30812,0,0.19265,1,1,0,0
0.78189,1,0.18864,1,0,1,NaN
0.80629,0,0.99864,1,1,1,0
0.82715,1,0.41636,0,1,0,1
1.367,1,0.85445,1,0,0,NaN
2,0,0.11012,1,1,1,0
1.1871,1,0.69766,1,1,1,2
0.1351,1,0.83202,0,1,1,2
0.98941,1,0.64574,1,1,1,1
2,0,0.71216,0,1,0,0
2,0,0.068892,0,1,0,0
1.8848,1,0.38276,1,1,0,1
0.42466,1,0.96825,1,1,0,1
1.9038,1,0.74909,1,1,0,1
2,0,0.19245,0,1,0,0
1.2892,0,0.88084,1,1,0,0
0.38666,1,0.41751,1,1,0,1
1.1054,1,0.51176,1,0,0,NaN
2,0,0.0052224,1,1,0,0
2,0,0.42812,0,1,0,0
2,0,0.081713,0,1,0,0
0.62199,1,0.79361,1,0,1,NaN
0.044614,1,0.98311,1,1,1,2
0.19092,1,0.70506,0,1,1,2
0.55089,1,0.408,1,1,1,2
0.9602,1,0.42637,1,1,1,2
1.1014,1,0.82968,1,1,0,1
0.10114,1,0.43663,0,0,0,NaN
2,0,0.043118,1,1,0,0
0.40498,1,0.33736,1,1,1,1
0.28888,1,0.92777,1,1,1,2
0.56722,0,0.96592,0,1,0,0
1.8401,1,0.36186,0,1,0,1
0.1404,1,0.85625,1,0,0,NaN
1.8875,1,0.61393,1,1,1,1
0.58432,1,0.48141,0,0,0,NaN
0.67,1,0.37378,1,1,0,1
0.87485,1,0.3142,1,1,0,1
0.73609,1,0.91746,1,1,0,1
2,0,0.79136,1,1,0,0
0.4164,1,0.74177,1,1,1,2
0.93467,1,0.18872,1,1,1,2
0.077116,1,0.71304,0,1,1,2
2,0,0.63713,0,1,0,0
0.99964,0,0.73468,1,1,0,0
1.5718,1,0.14181,0,0,0,NaN
2,0,0.19722,0,1,1,0
2,0,0.2909,0,1,0,0
1.7268,1,0.673,1,1,0,1
2,0,0.10103,1,1,0,0
1.5707,1,0.95882,1,1,0,1
2,0,0.63056,1,1,1,0
1.0493,1,0.88409,1,1,0,1
0.65755,1,0.15182,1,0,0,NaN
0.0020426,0,0.15313,0,1,0,0
0.14458,0,0.67967,1,1,0,0
1.3016,1,0.18766,1,1,1,2
1.1229,1,0.89766,1,0,1,NaN
0.89013,1,0.1947,1,1,0,1
1.5458,1,0.37134,1,1,0,1
0.35155,0,0.18661,1,1,0,0
1.5511,1,0.77125,1,1,0,1
0.014778,1,0.68943,1,1,1,2
1.8599,0,0.49477,1,1,0,0
1.7834,0,0.30208,0,1,0,0
1.7661,1,0.76716,1,0,0,NaN
1.5083,1,0.074535,0,1,1,1
0.015226,0,0.81332,1,1,0,0
2,0,0.3441,0,1,0,0
2,0,0.089743,1,1,0,0
1.1987,1,0.39153,1,1,0,1
0.56785,1,0.40111,0,1,0,1
2,0,0.016758,1,1,0,0
0.21531,1,0.081403,0,1,1,2
1.0273,1,0.91761,1,0,0,NaN
2,0,0.23712,1,1,0,0
0.67579,1,0.96444,1,1,0,1
0.88821,1,0.14693,0,1,1,1
1.1017,0,0.9414,1,1,0,0
0.6911,1,0.6755,1,1,0,1
2,0,0.54623,0,1,0,0
0.75021,1,0.67238,1,1,0,1
2,0,0.36943,0,1,0,0
0.48922,0,0.66537,0,1,0,0
0.27123,1,0.58936,1,0,0,NaN
0.96791,1,0.51824,1,1,0,1
1.2934,1,0.73736,1,0,1,NaN
0.27862,0,0.75032,1,1,0,0
0.6164,1,0.98739,1,0,1,NaN
1.8428,1,0.70593,1,1,1,2
0.72934,1,0.73216,1,0,0,NaN
0.43905,1,0.97843,1,1,0,1
2,0,0.59686,0,1,0,0
1.5807,1,0.87396,1,0,1,NaN
0.5346,1,0.87199,0,0,0,NaN
0.56779,1,0.28935,1,0,0,NaN
0.037731,0,0.30918,1,1,0,0
0.067996,1,0.23425,1,1,0,2
0.72786,0,0.13044,1,1,1,0
2,0,0.41054,1,1,0,0
0.50655,1,0.94742,1,0,0,NaN
2,0,0.008417,0,1,0,0
2,0,0.40798,1,1,1,0
2,0,0.14681,1,1,0,0
2,0,0.21283,0,1,1,0
0.22413,1,0.41789,0,1,1,2
0.29639,1,0.9756,1,0,1,NaN
1.2527,1,0.478,1,1,1,2
1.8028,0,0.36383,1,1,0,0
0.11231,1,0.4256,1,0,1,NaN
2,0,0.38991,0,1,0,0
0.17721,1,0.56029,1,1,1,2
0.9833,1,0.70471,1,0,0,NaN
1.5227,1,0.3361,1,1,1,2
2,0,0.35757,1,1,0,0
1.5912,1,0.63576,1,0,0,NaN
2,0,0.68193,1,1,0,0
1.0897,1,0.22131,1,0,0,NaN
1.4576,1,0.44988,0,1,1,1
2,0,0.8594,1,1,0,0
2,0,0.90829,1,1,0,0
0.14348,1,0.7032,0,0,1,NaN
1.0094,1,0.87893,0,1,0,1
1.348,1,0.86637,1,1,1,2
2,0,0.33373,1,1,1,0
1.407,1,0.96359,1,1,0,1
0.22413,1,0.99167,1,1,0,1
0.30885,1,0.90137,1,0,1,NaN
0.75573,1,0.25929,1,0,0,NaN
2,0,0.061931,0,1,1,0
2,0,0.20648,1,1,0,0
0.43909,0,0.088006,1,1,0,0
0.0693,1,0.97355,1,0,1,NaN
0.5361,1,0.29024,1,1,0,1
1.9534,1,0.55155,0,1,0,1
0.24253,1,0.73115,1,0,1,NaN
1.1117,1,0.94528,1,0,0,NaN
1.023,0,0.94135,0,1,0,0
0.1669,1,0.22271,1,1,0,1
0.95655,1,0.52476,1,1,1,1
0.79173,1,0.011384,1,1,1,1
1.3224,1,0.6544,1,0,0,NaN
2,0,0.62517,0,1,0,0
1.6968,1,0.51814,0,1,0,1
1.5079,1,0.45263,0,1,0,1
0.12338,1,0.95742,0,1,0,1
1.8608,1,0.44859,1,1,0,1
2,0,0.13234,1,1,1,0
2,0,0.37491,0,1,0,0
0.73466,0,0.47318,1,1,1,0
0.15864,1,0.027365,1,1,0,1
2,0,0.14183,1,1,0,0
0.078888,1,0.82747,0,0,1,NaN
1.0628,1,0.5041,1,0,1,NaN
1.4114,0,0.069856,1,1,0,0
2,0,0.26773,1,1,1,0
2,0,0.91729,0,1,0,0
1.0115,0,0.18036,0,1,1,0
1.6778,1,0.4561,1,1,1,2
2,0,0.20118,1,1,1,0
0.7213,1,0.92906,1,1,1,2
0.32786,1,0.94036,1,1,0,1
0.18873,1,0.17542,1,1,0,2
0.018844,1,0.86881,1,1,1,2
0.53278,1,0.31853,1,1,1,1
2,0,0.27941,0,1,0,0
0.86016,1,0.55924,0,1,0,1
2,0,0.32712,1,1,0,0
1.1735,1,0.14281,1,1,0,1
0.49967,1,0.15951,0,1,0,2
2,0,0.7956,0,1,0,0
2,0,0.51593,1,1,0,0
1.9401,1,0.67063,1,1,1,1
1.3205,1,0.81052,1,1,0,1
0.036542,1,0.18926,1,1,1,2
1.5165,1,0.85396,1,1,1,1
0.3727,1,0.54113,1,1,1,2
2,0,0.31276,0,1,0,0
0.25874,1,0.75479,1,0,0,NaN
2,0,0.30099,1,1,1,0
1.7064,1,0.24217,0,0,0,NaN
0.45509,1,0.72963,0,1,0,1
0.60125,1,0.82226,1,0,1,NaN
0.53225,0,0.99336,0,1,0,0
2,0,0.51603,1,1,0,0
2,0,0.39535,0,1,0,0
0.43954,1,0.69841,1,1,0,1
1.4913,1,0.61657,0,1,1,1
1.6596,1,0.50337,1,0,0,NaN
0.39196,1,0.1221,0,1,1,2
2,0,0.027231,1,1,0,0
2,0,0.58716,1,1,0,0
0.30746,1,0.566,0,0,1,NaN
0.13096,0,0.62394,0,1,1,0
1.3101,0,0.48059,0,1,1,0
2,0,0.52576,1,1,0,0
2,0,0.2238,0,1,1,0
1.4592,1,0.89608,1,1,1,1
0.12064,1,0.053334,1,1,0,1
2,0,0.57388,0,1,0,0
1.323,1,0.41133,0,1,1,1
0.44535,0,0.57962,1,1,0,0
0.80326,1,0.56809,0,0,1,NaN
0.7543,1,0.84875,0,0,0,NaN
0.41778,1,0.68223,1,1,0,1
1.3266,1,0.89308,1,1,0,1
0.28639,0,0.42052,1,1,1,0
1.3946,1,0.94531,1,1,0,1
2,0,0.20168,1,1,0,0
0.031694,1,0.33772,1,1,0,1
1.3725,1,0.86251,1,0,1,NaN
0.66878,1,0.67789,0,1,0,1
0.94103,1,0.7027,1,0,0,NaN
2,0,0.075406,1,1,1,0
2,0,0.16982,1,1,0,0
0.82868,1,0.10785,1,1,0,1
0.50536,1,0.51744,1,1,0,1
0.44313,1,0.72428,1,0,1,NaN
0.018018,1,0.98108,1,0,0,NaN
1.6265,0,0.12012,1,1,0,0
0.96014,0,0.37491,1,1,0,0
0.25568,1,0.56679,1,1,0,1
1.1277,1,0.86594,1,0,0,NaN
0.91331,1,0.93046,1,1,0,1
0.020002,1,0.33141,1,0,1,NaN
1.5708,1,0.84268,1,1,1,2
2,0,0.30448,1,1,0,0
2,0,0.025966,1,1,0,0
0.94991,1,0.86778,0,0,1,NaN
1.2383,0,0.58341,1,1,0,0
0.97729,1,0.86947,0,0,1,NaN
2,0,0.53582,0,1,1,0
1.2117,1,0.48083,1,0,0,NaN
0.60948,1,0.33911,1,1,0,1
0.14998,0,0.30203,1,1,1,0
1.5015,1,0.67478,0,0,0,NaN
0.3765,1,0.94456,1,1,1,2
0.45747,0,0.27126,0,1,1,0
2,0,0.35567,1,1,0,0
1.404,1,0.85598,0,0,1,NaN
2,0,0.50849,1,1,0,0
1.5319,0,0.35331,0,1,0,0
1.5681,1,0.5234,1,1,1,2
0.17988,1,0.9236,0,1,1,1
0.26114,1,0.053307,0,0,1,NaN
0.087876,1,0.87867,0,1,0,1
1.9524,0,0.27073,1,1,0,0
1.4188,0,0.54747,1,1,0,0
1.312,0,0.019823,0,1,0,0
0.18582,1,0.99396,1,1,1,2
0.3413,1,0.86907,1,1,1,2
1.5639,1,0.088452,1,1,1,1
1.5762,1,0.48909,1,1,0,1
2,0,0.032843,0,1,1,0
1.4591,1,0.703,1,0,0,NaN
0.65754,1,0.85606,1,1,0,1
0.39685,1,0.37569,0,1,0,1
1.5491,0,0.19349,0,1,0,0
1.404,1,0.76255,0,1,1,2
0.084317,1,0.55146,1,0,0,NaN
2,0,0.37461,1,1,0,0
0.7852,1,0.86542,1,1,0,1
2,0,0.3963,1,1,0,0
0.61736,1,0.87051,1,1,0,1
1.1647,0,0.89608,0,1,0,0
0.61989,1,0.29516,1,0,0,NaN
1.7481,1,0.63609,1,1,0,1
0.85722,0,0.68231,1,1,0,0
2,0,0.2916,1,1,1,0
2,0,0.76652,1,1,0,0
0.43942,1,0.80343,1,1,0,1
0.16298,0,0.92894,1,1,0,0
1.1586,1,0.67178,1,1,0,1
0.32816,1,0.40495,0,1,1,2
2,0,0.25037,1,1,1,0
0.33159,1,0.946,0,1,1,1
2,0,0.29937,1,1,0,0
2,0,0.053972,1,1,0,0
2,0,0.10797,0,1,0,0
1.8055,1,0.027012,0,1,0,1
1.5919,0,0.64979,0,1,0,0
0.68863,1,0.48592,1,1,0,1
0.03196,1,0.28988,1,0,1,NaN
2,0,0.033583,1,1,0,0
1.9189,1,0.043309,1,0,1,NaN
0.61615,1,0.73389,0,1,1,2
2,0,0.96574,1,1,1,0
0.60717,1,0.14981,1,0,0,NaN
0.71677,1,0.8492,1,1,0,2
0.16052,1,0.55019,1,1,0,1
1.3838,1,0.36265,1,0,1,NaN
0.38633,0,0.86356,1,1,0,0
0.90202,1,0.67682,0,0,0,NaN
0.44614,1,0.17424,1,1,0,1
1.5003,1,0.75366,0,1,0,1
1.926,0,0.029165,0,1,0,0
0.077586,1,0.19156,0,1,1,2
0.98604,1,0.97817,1,1,0,1
0.57858,1,0.17333,1,0,0,NaN
1.7759,0,0.37178,0,1,0,0
1.1589,1,0.61753,1,1,1,2
2,0,0.61174,0,1,0,0
0.10121,1,0.55964,1,1,1,2
2,0,0.39352,0,1,0,0
0.17767,1,0.23596,1,1,0,1
2,0,0.060453,0,1,0,0
1.5805,1,0.74245,1,1,0,1
1.9021,0,0.80391,1,1,0,0
2,0,0.73355,0,1,1,0
2,0,0.53311,0,1,0,0
0.95896,1,0.6869,1,1,0,1
0.35478,1,0.1804,1,1,1,2
0.43222,0,0.26613,0,1,0,0
1.1681,1,0.63932,0,1,0,2
1.7846,1,0.65804,1,1,0,1
1.2431,1,0.78983,1,1,0,1
0.9106,1,0.31972,0,1,1,1
2,0,0.52917,0,1,0,0
1.7576,1,0.14301,1,1,0,1
0.93764,1,0.8345,1,0,0,NaN
1.9641,1,0.46287,0,1,0,1
1.7756,1,0.023403,0,1,0,2
1.1071,1,0.39215,1,1,0,1
0.1834,1,0.8871,0,0,1,NaN
2,0,0.053581,1,1,0,0
1.8813,1,0.46362,0,1,0,1
2,0,0.91294,1,1,0,0
0.60762,1,0.75381,1,0,1,NaN
2,0,0.50917,0,1,0,0
0.33529,1,0.88792,1,0,0,NaN
0.9067,1,0.79517,1,0,1,NaN
0.059779,1,0.53041,1,1,1,2
0.48475,1,0.034832,1,1,1,2
0.010074,1,0.55434,0,1,0,1
0.89236,1,0.79302,0,0,0,NaN
0.17082,1,0.95799,1,1,0,1
2,0,0.74619,1,1,0,0
0.99788,0,0.25751,1,1,0,0
1.3934,1,0.99721,1,0,1,NaN
2,0,0.76493,0,1,0,0
0.67846,0,0.8217,0,1,0,0
2,0,0.43811,1,1,0,0
0.5406,0,0.91776,1,1,1,0
1.2384,0,0.43543,0,1,0,0
1.3482,1,0.49606,0,0,0,NaN
2,0,0.1943,1,1,0,0
2,0,0.72235,1,1,1,0
0.097972,1,0.077344,0,1,0,1
1.0825,1,0.49597,0,0,0,NaN
1.7406,0,0.58543,1,1,1,0
1.2326,0,0.18356,1,1,0,0
1.4939,1,0.14622,0,1,0,1
1.1952,0,0.86809,0,1,0,0
1.3911,1,0.43149,1,0,0,NaN
2,0,0.15368,1,1,0,0
0.52949,1,0.19512,1,1,0,1
0.31396,1,0.93206,1,1,1,1
1.5067,1,0.867,1,1,0,1
0.4115,1,0.14387,1,1,1,2
2,0,0.069944,1,1,0,0
0.16955,0,0.49754,1,1,1,0
1.6547,1,0.63519,1,1,0,1
0.11405,1,0.35558,0,0,1,NaN
0.88402,1,0.39217,1,1,0,2
2,0,0.56167,0,1,0,0
1.1932,0,0.8561,0,1,0,0
2,0,0.31411,1,1,0,0
0.0069082,1,0.45258,1,1,0,1
2,0,0.097907,1,1,0,0
0.88839,1,0.51334,1,1,1,2
0.62502,1,0.62727,0,1,0,1
2,0,0.26948,1,1,0,0
0.19941,1,0.96438,1,1,1,2
0.55628,0,0.83008,0,1,0,0
1.9013,1,0.85638,1,1,0,1
2,0,0.72896,1,1,1,0
1.3317,1,0.33928,1,1,1,2
2,0,0.45803,1,1,0,0
0.53329,0,0.0076618,1,1,1,0
0.22554,1,0.065628,1,1,0,1
1.3793,1,0.63291,0,1,0,1
0.85465,1,0.89841,1,0,0,NaN
0.87263,1,0.45868,1,0,1,NaN
0.91434,1,0.49639,0,0,0,NaN
0.90327,1,0.44635,1,1,0,1
0.057857,1,0.70741,0,0,1,NaN
1.0209,1,0.12041,1,1,1,2
1.0319,1,0.8185,1,1,0,1
1.8626,1,0.078745,0,1,1,1
0.95212,1,0.95984,1,1,1,1
1.4167,1,0.44101,0,1,0,1
2,0,0.27081,1,1,0,0
0.13419,1,0.93885,1,1,1,2
2,0,0.40569,0,1,0,0
1.5664,1,0.35579,1,1,0,1
0.16251,0,0.35976,1,1,1,0
2,0,0.20048,0,1,0,0
1.1741,1,0.20222,0,1,0,1
0.065973,1,0.89874,1,1,1,2
1.2299,1,0.24015,1,1,1,2
1.1741,0,0.40472,1,1,1,0
0.73209,0,0.53754,1,1,1,0
0.79535,1,0.85139,1,1,0,1
1.3468,1,0.84919,1,1,0,1
1.3662,1,0.82086,0,1,0,1
1.5442,0,0.99005,1,1,0,0
1.8893,1,0.13908,1,1,0,1
0.0042029,1,0.56793,0,1,1,2
2,0,0.39897,1,1,0,0
2,0,0.015911,0,1,0,0
0.60217,1,0.43314,1,0,1,NaN
0.45953,1,0.23124,1,1,1,2
0.13145,1,0.99858,0,1,0,1
1.24,1,0.76224,0,0,0,NaN
2,0,0.39725,1,1,1,0
2,0,0.0086442,0,1,0,0
2,0,0.66647,1,1,0,0
1.3277,1,0.66251,0,1,0,1
2,0,0.0996,0,1,0,0
2,0,0.47247,1,1,0,0
2,0,0.011198,1,1,0,0
1.8083,1,0.61541,0,1,0,1
0.98727,0,0.18115,1,1,0,0
1.2981,1,0.83913,1,0,1,NaN
1.7402,1,0.65818,0,1,0,1
1.5535,0,0.67351,1,1,0,0
2,0,0.87879,1,1,0,0
2,0,0.54206,1,1,0,0
0.77568,0,0.21608,0,1,0,0
0.68833,0,0.3296,1,1,0,0
2,0,0.14467,1,1,1,0
1.5004,1,0.02198,0,1,1,1
1.0879,1,0.75591,1,1,0,1
0.82909,0,0.53524,1,1,0,0
0.37805,1,0.65038,1,0,1,NaN
1.4082,1,0.76005,1,1,0,1
1.9008,0,0.10303,0,1,0,0
0.27003,0,0.46866,1,1,0,0
0.70579,1,0.87009,1,0,0,NaN
1.5629,0,0.82245,0,1,1,0
1.123,1,0.22453,1,1,0,1
1.6866,1,0.30173,1,1,0,1
2,0,0.21628,1,1,0,0
0.12324,1,0.91867,1,1,1,2
0.6187,1,0.55307,0,1,1,2
1.2528,1,0.86814,1,1,0,1
0.48129,1,0.70237,1,0,1,NaN
1.957,1,0.0025097,1,1,0,1
1.0985,1,0.86056,1,0,0,NaN
0.76862,1,0.69892,1,0,0,NaN
2,0,0.2046,1,1,0,0
0.73203,1,0.39229,0,0,0,NaN
2,0,0.15255,1,1,0,0
1.4571,1,0.32529,1,1,0,1
0.90454,0,0.36796,1,1,0,0
1.8922,1,0.50497,1,1,0,1
1.2421,0,0.73659,0,1,0,0
0.65469,0,0.40159,1,1,1,0
0.39523,0,0.6568,0,1,1,0
1.9544,1,0.88122,0,1,0,1
1.0273,1,0.40809,1,1,0,1
0.60552,1,0.47033,1,0,0,NaN
1.3999,1,0.09096,1,1,0,1
2,0,0.32076,0,1,0,0
1.6158,1,0.96119,1,0,0,NaN
2,0,0.080829,1,1,1,0
0.71002,1,0.24631,1,0,0,NaN
1.3815,0,0.26628,1,1,0,0
2,0,0.41665,1,1,0,0
0.34889,1,0.97611,1,0,1,NaN
0.39552,0,0.84382,1,1,0,0
0.018948,1,0.71035,1,0,0,NaN
0.64212,1,0.050906,0,1,1,1
1.0069,1,0.76742,0,1,0,2
2,0,0.65882,0,1,0,0
2,0,0.29673,0,1,0,0
2,0,0.60705,0,1,0,0
1.422,0,0.43211,1,1,1,0
0.30806,1,0.52721,1,0,0,NaN
1.8421,1,0.9295,0,1,0,1
1.2302,1,0.92746,1,1,0,1
1.4761,1,0.32946,0,0,0,NaN
0.1877,1,0.42254,1,1,0,1
0.82956,0,0.4412,1,1,0,0
2,0,0.3537,1,1,0,0
0.2694,1,0.49296,1,1,1,2
0.85716,1,0.8124,1,0,0,NaN
1.1582,0,0.0057802,0,1,0,0
2,0,0.023287,1,1,0,0
0.95968,0,0.060027,1,1,1,0
0.4592,1,0.073826,1,1,0,1
0.5645,1,0.87239,1,1,1,2
0.078904,1,0.94354,1,0,1,NaN
1.1291,1,0.78375,1,0,0,NaN
1.2253,1,0.36193,0,1,0,1
2,0,0.49516,1,1,1,0
2,0,0.12005,0,1,0,0
1.2472,0,0.53887,0,1,0,0
0.5512,1,0.79979,0,0,0,NaN
0.8954,1,0.46806,1,1,1,2
0.27253,1,0.26275,1,0,0,NaN
2,0,0.15845,1,1,0,0
0.043725,0,0.78935,0,1,0,0
1.7133,1,0.65209,1,1,0,1
0.4377,1,0.37764,1,1,1,2
1.5063,1,0.24342,1,0,0,NaN
0.92892,1,0.9129,0,1,1,1
0.7773,1,0.29413,0,1,0,1
0.16415,1,0.37686,1,1,0,1
1.7712,0,0.24269,1,1,0,0
1.01,1,0.95193,1,0,0,NaN
2,0,0.035381,1,1,0,0
2,0,0.84396,1,1,1,0
1.0334,1,0.65443,1,1,0,1
2,0,0.20438,0,1,0,0
1.8514,1,0.13355,1,0,0,NaN
1.708,1,0.80694,1,1,0,1
2,0,0.26435,0,1,0,0
1.0759,1,0.84651,0,1,0,1
1.567,1,0.62256,1,0,0,NaN
0.76071,1,0.44023,1,1,0,1
1.0018,1,0.49483,1,0,0,NaN
0.21136,0,0.1289,0,1,0,0
2,0,0.061393,0,1,0,0
0.084613,1,0.067399,1,1,1,2
2,0,0.11327,1,1,1,0
1.3584,1,0.31979,1,1,0,1
0.37965,1,0.59846,1,1,1,2
2,0,0.47581,0,1,0,0
2,0,0.10155,1,1,0,0
0.33175,1,0.81357,1,1,0,1
2,0,0.26445,0,1,0,0
2,0,0.40536,0,1,0,0
2,0,0.24305,1,1,0,0
2,0,0.36976,1,1,0,0
0.54765,1,0.86041,1,1,0,1
0.025566,1,0.32055,1,0,1,NaN
2,0,0.2849,0,1,1,0
1.881,1,0.42741,1,1,0,1
0.074098,1,0.84473,1,0,0,NaN
0.29092,1,0.32037,0,0,0,NaN
0.40716,1,0.71202,1,0,0,NaN
2,0,0.60395,1,1,0,0
1.7107,1,0.29498,1,1,0,1
0.033623,1,0.77947,1,0,1,NaN
0.076405,1,0.66111,1,1,1,1
0.66172,1,0.81744,0,1,0,1
1.0512,1,0.97548,0,0,1,NaN
0.41025,0,0.32486,0,1,1,0
0.69935,1,0.66409,0,1,1,2
1.6471,1,0.78417,1,0,1,NaN
2,0,0.38875,0,1,0,0
0.20399,1,0.64754,0,0,0,NaN
1.1519,1,0.67895,1,1,0,1
0.86376,1,0.35107,1,1,1,2
2,0,0.2665,1,1,0,0
2,0,0.31068,1,1,0,0
0.3513,1,0.88366,0,1,1,2
0.5937,1,0.90591,1,1,1,2
0.78384,1,0.61053,1,1,1,2
1.5477,1,0.76182,1,0,1,NaN
2,0,0.03802,0,1,0,0
0.64115,1,0.48352,1,1,0,1
2,0,0.057163,1,1,0,0
0.98901,1,0.4676,1,1,1,1
1.0996,1,0.93732,1,1,1,1
0.572,1,0.75119,1,1,0,1
1.8424,1,0.95168,0,1,0,1
0.21019,1,0.54081,0,0,0,NaN
2,0,0.12084,0,1,1,0
0.92357,1,0.8784,1,1,0,1
0.033135,1,0.94316,0,1,1,2
2,0,0.52394,1,1,0,0
0.31086,0,0.30715,0,1,0,0
2,0,0.09537,1,1,1,0
0.39843,0,0.18181,0,1,0,0
0.0085445,1,0.11057,1,1,0,1
0.02991,1,0.28638,1,1,1,2
0.37532,1,0.5208,0,0,0,NaN
0.83716,1,0.25785,0,1,0,1
1.6754,1,0.81692,1,0,0,NaN
0.083323,0,0.8854,1,1,0,0
0.79236,1,0.37449,1,1,0,1
2,0,0.47144,1,1,0,0
0.30413,1,0.41357,1,1,0,1
1.8529,1,0.79598,1,0,0,NaN
2,0,0.65721,1,1,0,0
0.15496,0,0.05153,0,1,0,0
0.28421,1,0.33185,1,1,1,2
1.7466,1,0.85032,1,0,0,NaN
2,0,0.88736,0,1,0,0
0.049519,0,0.75973,1,1,0,0
0.29732,1,0.12747,0,1,0,1
2,0,0.57973,1,1,1,0
1.4832,1,0.5204,1,1,0,1
2,0,0.10366,1,1,1,0
0.97491,1,0.10815,0,1,1,1
1.8536,1,0.46504,0,0,0,NaN
0.14309,1,0.89728,1,1,0,2
1.8198,0,0.030185,1,1,1,0
2,0,0.9642,0,1,0,0
1.1502,1,0.84389,1,0,0,NaN
0.7436,1,0.99073,1,0,1,NaN
0.37437,1,0.084928,0,1,0,1
1.6032,0,0.18767,1,1,0,0
2,0,0.66716,1,1,1,0
2,0,0.36538,0,1,1,0
0.35767,1,0.59339,1,0,0,NaN
2,0,0.43161,1,1,0,0
0.67572,1,0.66216,0,0,0,NaN
2,0,0.52784,1,1,0,0
0.29396,1,0.8262,1,1,1,2
1.5618,1,0.49738,1,1,1,2
0.43315,1,0.57676,1,1,1,2
1.3128,1,0.65512,1,1,0,1
0.19577,1,0.33901,1,1,1,2
2,0,0.82141,1,1,0,0
0.70693,1,0.40784,1,1,1,2
0.56368,1,0.8399,1,0,0,NaN
1.3166,0,0.37039,0,1,0,0
0.044375,1,0.45835,1,0,0,NaN
2,0,0.32544,0,1,1,0
1.7099,1,0.92843,1,0,0,NaN
0.36609,1,0.99449,1,1,0,1
1.5707,1,0.026651,1,0,0,NaN
1.5773,1,0.0084023,1,0,1,NaN
0.93776,0,0.48096,1,1,0,0
2,0,0.28811,1,1,0,0
0.4721,1,0.65102,1,0,0,NaN
1.5245,1,0.61205,1,1,0,1
1.3849,1,0.66176,1,0,0,NaN
0.44187,1,0.96136,1,1,0,1
1.9122,1,0.56928,0,0,0,NaN
1.148,1,0.4972,0,1,1,2
0.10819,1,0.55192,1,1,1,2
0.018336,1,0.20783,1,1,0,1
0.36556,0,0.81794,1,1,1,0
0.90418,1,0.58608,1,0,1,NaN
2,0,0.10458,1,1,0,0
2,0,0.089462,1,1,0,0
1.5751,1,0.56138,1,1,0,1
2,0,0.24086,1,1,0,0
1.292,1,0.98075,1,1,0,1
0.59066,0,0.4381,1,1,0,0
1.8791,1,0.25105,0,1,1,2
2,0,0.55672,1,1,0,0
1.2587,1,0.18122,1,1,0,1
2,0,0.21394,1,1,0,0
2,0,0.13976,1,1,1,0
2,0,0.30853,1,1,0,0
0.45066,1,0.66388,1,1,1,2
0.49519,1,0.93635,0,0,0,NaN
2,0,0.38572,1,1,0,0
0.14636,1,0.20169,1,1,0,1
2,0,0.32578,1,1,0,0
2,0,0.2814,1,1,1,0
1.0083,1,0.15963,0,1,0,1
2,0,0.59087,0,1,0,0
2,0,0.25431,1,1,0,0
1.502,1,0.69053,1,1,0,1
1.1357,1,0.29741,1,1,0,1
2,0,0.18444,1,1,0,0
1.1567,1,0.79356,1,1,0,1
1.7382,0,0.49383,1,1,0,0
0.16504,1,0.2841,0,1,1,2
0.39373,1,0.93515,1,0,1,NaN
1.2979,1,0.56532,1,0,1,NaN
1.9953,1,0.79153,1,1,0,1
0.11025,1,0.23553,1,0,1,NaN
0.018926,1,0.59694,1,1,1,2
0.23224,1,0.85859,1,1,0,1
2,0,0.092593,0,1,1,0
2,0,0.2235,1,1,0,0
1.5684,1,0.95691,0,1,1,2
1.8101,1,0.52968,1,1,1,1
0.24734,1,0.65767,1,1,0,1
0.13911,0,0.12457,1,1,0,0
1.5693,1,0.020996,1,1,1,2
0.40549,1,0.93227,1,0,0,NaN
0.91676,1,0.4651,1,0,0,NaN
1.0046,1,0.016991,0,0,1,NaN
0.36357,1,0.84441,1,1,0,1
0.092364,1,0.66628,1,1,1,2
1.7931,1,0.82496,1,0,0,NaN
0.70431,1,0.24948,1,1,1,2
0.30245,1,0.24311,1,1,0,1
2,0,0.0097841,1,1,0,0
1.5921,0,0.55897,0,1,1,0
1.2338,1,0.2385,0,0,1,NaN
0.060343,1,0.83888,1,1,1,2
1.6707,1,0.30191,1,0,0,NaN
0.21947,1,0.2193,0,1,0,1
0.34309,1,0.8958,0,1,0,1
2,0,0.22408,0,1,1,0
2,0,0.015096,1,1,0,0
2,0,0.18922,1,1,1,0
2,0,0.62818,1,1,0,0
0.58808,1,0.51142,1,0,1,NaN
2,0,0.0065917,1,1,1,0
1.1009,1,0.51075,1,0,1,NaN
0.2429,1,0.81249,1,1,1,2
0.63485,1,0.14561,1,1,1,2
2,0,0.1263,1,1,0,0
2,0,0.41815,1,1,0,0
0.54721,0,0.38272,1,1,0,0
2,0,0.4348,1,1,1,0
1.2721,0,0.17581,1,1,1,0
2,0,0.46235,1,1,0,0
0.77704,1,0.96467,0,0,0,NaN
2,0,0.61506,0,1,0,0
1.6077,1,0.47325,1,1,0,1
0.65065,1,0.9915,0,0,0,NaN
0.40424,1,0.48105,1,1,0,2
0.90117,1,0.60912,1,1,0,1
0.061274,1,0.5163,1,0,0,NaN
1.7163,1,0.46565,1,0,0,NaN
2,0,0.22688,1,1,0,0
1.5153,1,0.63096,0,0,0,NaN
0.12518,1,0.4817,0,1,1,2
0.21568,1,0.56405,1,1,1,2
2,0,0.38772,1,1,0,0
1.9405,1,0.18691,1,1,1,1
0.35451,1,0.084042,1,1,0,1
1.1017,1,0.47666,1,1,0,1
0.32635,0,0.44728,0,1,0,0
0.18226,1,0.86388,1,0,0,NaN
0.054268,1,0.82928,0,1,0,1
1.1583,1,0.84115,1,0,0,NaN
0.060972,1,0.85998,0,0,0,NaN
0.62114,1,0.52383,0,1,1,2
1.0241,1,0.66567,1,1,1,2
0.24122,1,0.67132,1,1,0,1
1.7742,1,0.70354,1,1,0,1
1.3157,1,0.96661,1,1,0,1
2,0,0.11037,1,1,1,0
2,0,0.68296,1,1,0,0
1.4805,1,0.68335,1,1,1,1
0.23954,1,0.49123,0,1,1,2
2,0,0.096587,1,1,0,0
1.6033,0,0.040887,0,1,0,0
1.9242,1,0.32221,0,1,0,1
2,0,0.58849,0,1,0,0
0.63723,0,0.40266,1,1,1,0
2,0,0.90087,1,1,0,0
0.36059,0,0.71125,1,1,0,0
1.2744,1,0.84786,1,1,0,1
0.41833,1,0.79352,0,1,0,1
1.2863,1,0.91748,0,0,0,NaN
0.50034,1,0.12196,1,1,0,1
1.7972,1,0.68694,1,0,0,NaN
0.50665,1,0.078551,1,1,0,1
2,0,0.0031045,0,1,0,0
1.4618,1,0.60377,0,1,0,1
1.778,1,0.75155,0,1,1,2
0.89778,1,0.71556,1,1,0,1
0.87867,0,0.21606,1,1,0,0
0.11072,0,0.51906,0,1,0,0
0.041443,1,0.30606,1,1,0,1
1.4713,1,0.2441,1,1,0,1
0.02551,1,0.080819,1,1,0,1
0.019136,1,0.5318,1,1,1,2
2,0,0.21459,1,1,0,0
0.18743,1,0.098294,1,1,1,2
0.28184,0,0.55558,0,1,1,0
0.96092,1,0.6834,0,1,1,2
0.21345,1,0.52345,0,1,0,1
2,0,0.27229,1,1,0,0
2,0,0.39829,1,1,0,0
0.464,1,0.55244,0,0,0,NaN
0.27214,0,0.62162,1,1,1,0
2,0,0.033979,0,1,0,0
0.87875,1,0.19977,1,1,1,2
1.7766,1,0.17244,1,1,0,1
1.4174,1,0.53449,0,1,0,1
0.62572,1,0.32755,1,1,0,1
2,0,0.80946,1,1,0,0
2,0,0.059685,1,1,0,0
2,0,0.76426,1,1,1,0
2,0,0.4819,1,1,0,0
2,0,0.63364,1,1,0,0
1.3464,1,0.1314,0,0,0,NaN
2,0,0.37838,1,1,0,0
0.20032,1,0.024604,0,0,0,NaN
1.6078,1,0.27596,1,1,1,1
2,0,0.11895,0,1,0,0
2,0,0.053948,0,1,0,0
0.90445,1,0.62771,1,1,0,1
2,0,0.34558,0,1,0,0
0.42422,1,0.81398,1,0,1,NaN
1.1069,1,0.89296,1,0,0,NaN
1.186,1,0.62261,1,1,0,1
1.8409,1,0.91482,1,1,0,1
1.2479,0,0.39484,1,1,1,0
2,0,0.127,1,1,0,0
1.3951,0,0.42381,1,1,0,0
2,0,0.058245,1,1,0,0
0.052789,0,0.36936,1,1,0,0
0.95644,1,0.62102,1,1,0,1
0.021409,1,0.70974,1,0,1,NaN
2,0,0.33706,0,1,0,0
0.96797,0,0.1326,1,1,0,0
1.7641,0,0.33535,1,1,0,0
0.12942,1,0.66952,1,0,0,NaN
0.59791,1,0.63201,1,0,0,NaN
0.11118,1,0.98527,0,0,0,NaN
2,0,0.10658,1,1,1,0
2,0,0.28322,1,1,0,0
1.0575,1,0.65966,1,0,1,NaN
0.36403,1,0.76655,0,1,1,1
1.3218,1,0.97338,1,1,0,2
1.0066,1,0.12558,1,1,1,1
0.26854,1,0.21692,1,1,1,2
1.0607,1,0.33286,0,0,0,NaN
0.019313,1,0.6063,1,1,0,1
1.6184,1,0.95189,0,1,0,1
0.11587,1,0.6326,1,1,1,2
1.2689,1,0.3362,1,1,0,1
2,0,0.36382,1,1,1,0
0.87519,1,0.17336,1,0,1,NaN
0.070883,1,0.37626,0,1,1,2
0.94589,1,0.88941,1,1,0,1
0.24699,0,0.44671,1,1,1,0
0.72633,1,0.14052,1,1,0,1
1.4592,1,0.99295,0,1,0,1
1.6672,1,0.18259,1,1,0,1
0.85641,1,0.4428,1,1,1,2
1.1418,1,0.77195,0,1,1,2
2,0,0.24645,1,1,0,0
1.8796,1,0.90651,0,1,0,1
1.6985,1,0.76336,0,1,0,1
0.83489,1,0.60039,1,0,0,NaN
0.81606,1,0.68363,1,1,1,2
1.6937,1,0.39399,1,1,0,1
1.813,1,0.85021,1,1,0,1
1.3817,1,0.63864,1,0,0,NaN
2,0,0.62016,0,1,0,0
1.5795,1,0.76979,1,1,1,1
1.6017,1,0.37974,1,0,1,NaN
1.3419,1,0.76725,1,1,0,1
1.8328,1,0.49695,1,1,0,1
1.6921,1,0.14676,1,1,1,1
1.7722,1,0.36614,1,1,0,1
1.2399,0,0.25511,0,1,0,0
2,0,0.12339,1,1,0,0
1.1384,1,0.92789,1,0,0,NaN
2,0,0.035034,1,1,1,0
0.89016,1,0.18885,1,0,1,NaN
0.10638,1,0.55863,1,0,0,NaN
0.94965,0,0.80339,1,1,0,0
0.17625,0,0.76314,1,1,1,0
0.044907,1,0.31259,1,1,1,2
2,0,0.26445,1,1,0,0
2,0,0.24639,1,1,0,0
1.9534,0,0.45106,1,1,0,0
2,0,0.1386,1,1,0,0
2,0,0.26023,1,1,0,0
1.234,1,0.22905,0,1,0,1
0.428,1,0.54797,1,0,0,NaN
1.3393,1,0.43156,0,1,0,1
1.4584,1,0.74106,1,1,0,1
1.0217,1,0.96461,1,1,0,1
1.6259,1,0.86775,0,0,0,NaN
0.49216,1,0.45206,1,1,0,1
2,0,0.65355,1,1,0,0
0.40361,1,0.84005,1,0,0,NaN
1.4144,1,0.63617,1,0,0,NaN
1.3798,1,0.71475,1,1,0,1
0.78737,1,0.91742,1,1,0,1
2,0,0.84647,1,1,0,0
0.21248,1,0.98368,1,1,1,2
1.8276,1,0.0053761,1,1,0,2
2,0,0.082538,1,1,0,0
0.44068,1,0.36657,1,1,1,2
2,0,0.14355,0,1,0,0
1.5094,1,0.85828,1,1,0,1
0.022317,1,0.46283,1,1,1,2
1.0299,1,0.63302,1,1,0,1
0.23059,1,0.60618,0,1,0,1
1.5648,1,0.97597,1,0,0,NaN
2,0,0.48874,1,1,1,0
2,0,0.20289,0,1,0,0
2,0,0.041946,1,1,0,0
0.013376,1,0.36738,0,1,1,2
0.25309,1,0.79031,0,1,1,2
1.1993,1,0.99803,1,1,0,1
2,0,0.2097,1,1,0,0
2,0,0.11803,0,1,1,0
0.4003,0,0.14662,1,1,1,0
0.36803,1,0.072351,1,1,0,1
1.5735,1,0.62443,1,0,0,NaN
0.38537,1,0.29091,1,0,0,NaN
2,0,0.51193,0,1,0,0
0.20619,1,0.87374,1,1,0,1
1.9744,0,0.71088,1,1,0,0
1.8462,1,0.14652,1,1,0,1
0.44231,1,0.76416,1,1,1,2
0.70121,1,0.46928,0,0,1,NaN
2,0,0.69127,1,1,0,0
0.21619,0,0.058453,1,1,0,0
1.2725,1,0.92945,1,0,0,NaN
1.0785,1,0.90524,0,1,0,2
0.5714,0,0.64388,1,1,0,0
0.87988,1,0.53499,0,1,0,1
2,0,0.16594,1,1,0,0
